Scale Name,Scale,GT Intersections,Model Count,Matches,Match Rate,No Match,Tolerance,Euc Mean,Euc Std,Euc Min,Euc Max,Texture
original,"1x,1x,1x",426,1156,74,0.06401384083044982,1082,1,40.35979388876253,29.743654549744807,1.4142135623730951,111.0,linear
2x1y1z,"2x,1x,1x",1290,2056,211,0.10262645914396887,1845,1,40.08893787874129,49.1417234889586,1.4142135623730951,177.0,linear
1x2y1z,"1x,2x,1x",1485,2517,207,0.08224076281287247,2310,1,43.22922361960048,33.729300062083006,1.4142135623730951,108.97706180660222,linear
1x1y2z,"1x,1x,2x",852,1156,74,0.06401384083044982,1082,1,40.35979388876253,29.743654549744807,1.4142135623730951,111.0,linear
2x2y1z,"2x,2x,1x",2196,3879,322,0.08301108533127094,3557,1,45.050453905057296,46.12105424904903,1.4142135623730951,171.0,linear
1x2y2z,"1x,2x,2x",2970,2517,207,0.08224076281287247,2310,1,43.22922361960048,33.729300062083006,1.4142135623730951,108.97706180660222,linear
2x2y2z,"2x,2x,2x",4392,3879,322,0.08301108533127094,3557,1,45.050453905057296,46.12105424904903,1.4142135623730951,171.0,linear
3x1y1z,"3x,1x,1x",2586,3208,356,0.11097256857855362,2852,1,32.88449589939993,39.897816809196065,1.4142135623730951,172.0,linear
3x2y1z,"3x,2x,1x",5016,6563,628,0.0956879475849459,5935,1,36.19166846839136,41.713263010183546,1.4142135623730951,174.0,linear
3x1y2z,"3x,1x,2x",5172,3208,356,0.11097256857855362,2852,1,32.88449589939993,39.897816809196065,1.4142135623730951,172.0,linear
3x2y2z,"3x,2x,2x",10032,6563,628,0.0956879475849459,5935,1,36.19166846839136,41.713263010183546,1.4142135623730951,174.0,linear
